gender,name
MASC,أحمد
MASC,محمد
MASC,خالد
MASC,علي
MASC,عمر
MASC,سعيد
MASC,يوسف
MASC,عبد الله
MASC,إبراهيم
MASC,حسن
MASC,طارق
MASC,سامي
MASC,فيصل
MASC,عادل
MASC,ماجد
MASC,فهد
MASC,كمال
MASC,ناصر
MASC,يحيى
MASC,أيمن
MASC,هشام
MASC,سفيان
MASC,زكريا
MASC,أنس
MASC,توفيق
MASC,إدريس
MASC,رياض
FEM,فاطمة
FEM,عائشة
FEM,سلمى
FEM,هند
FEM,زينب
FEM,مريم
FEM,ليلى
FEM,أسماء
FEM,خديجة
FEM,سارة
FEM,ندى
FEM,ريم
FEM,هدى
FEM,عبير
FEM,ابتسام
FEM,دلال
FEM,هناء
FEM,منى
FEM,سمية
FEM,لبنى
FEM,عفاف
FEM,إيمان
FEM,كوثر
FEM,نهى
FEM,أحلام