base_word,animacy,case,gender,plurality,inflection
важный,,NOM,FEM,SG,['важная']
важный,ANIM,ACC,MASC,SG,['важного']
важный,,GEN,MASC,SG,['важного']
важный,,GEN,NEUT,SG,['важного']
важный,,ACC,NEUT,SG,['важное']
важный,,NOM,NEUT,SG,['важное']
важный,,DAT,FEM,SG,['важной']
важный,,ESS,FEM,SG,['важной']
важный,,GEN,FEM,SG,['важной']
важный,,INS,FEM,SG,['важной']
важный,,ESS,MASC,SG,['важном']
важный,,ESS,NEUT,SG,['важном']
важный,,DAT,MASC,SG,['важному']
важный,,DAT,NEUT,SG,['важному']
важный,,ACC,FEM,SG,['важную']
важный,INAN,ACC,,PL,['важные']
важный,,NOM,,PL,['важные']
важный,INAN,ACC,MASC,SG,['важный']
важный,,NOM,MASC,SG,['важный']
важный,,DAT,,PL,['важным']
важный,,INS,MASC,SG,['важным']
важный,,INS,NEUT,SG,['важным']
важный,,INS,,PL,['важными']
важный,ANIM,ACC,,PL,['важных']
важный,,ESS,,PL,['важных']
важный,,GEN,,PL,['важных']
длинный,,NOM,FEM,SG,['длинная']
длинный,ANIM,ACC,MASC,SG,['длинного']
длинный,,GEN,MASC,SG,['длинного']
длинный,,GEN,NEUT,SG,['длинного']
длинный,,ACC,NEUT,SG,['длинное']
длинный,,NOM,NEUT,SG,['длинное']
длинный,,DAT,FEM,SG,['длинной']
длинный,,ESS,FEM,SG,['длинной']
длинный,,GEN,FEM,SG,['длинной']
длинный,,INS,FEM,SG,['длинной']
длинный,,ESS,MASC,SG,['длинном']
длинный,,ESS,NEUT,SG,['длинном']
длинный,,DAT,MASC,SG,['длинному']
длинный,,DAT,NEUT,SG,['длинному']
длинный,,ACC,FEM,SG,['длинную']
длинный,INAN,ACC,,PL,['длинные']
длинный,,NOM,,PL,['длинные']
длинный,INAN,ACC,MASC,SG,['длинный']
длинный,,NOM,MASC,SG,['длинный']
длинный,,DAT,,PL,['длинным']
длинный,,INS,MASC,SG,['длинным']
длинный,,INS,NEUT,SG,['длинным']
длинный,,INS,,PL,['длинными']
длинный,ANIM,ACC,,PL,['длинных']
длинный,,ESS,,PL,['длинных']
длинный,,GEN,,PL,['длинных']
древний,ANIM,ACC,MASC,SG,['древнего']
древний,,GEN,MASC,SG,['древнего']
древний,,GEN,NEUT,SG,['древнего']
древний,,ACC,NEUT,SG,['древнее']
древний,,NOM,NEUT,SG,['древнее']
древний,,DAT,FEM,SG,['древней']
древний,,ESS,FEM,SG,['древней']
древний,,GEN,FEM,SG,['древней']
древний,,INS,FEM,SG,['древней']
древний,,ESS,MASC,SG,['древнем']
древний,,ESS,NEUT,SG,['древнем']
древний,,DAT,MASC,SG,['древнему']
древний,,DAT,NEUT,SG,['древнему']
древний,INAN,ACC,,PL,['древние']
древний,,NOM,,PL,['древние']
древний,INAN,ACC,MASC,SG,['древний']
древний,,NOM,MASC,SG,['древний']
древний,,DAT,,PL,['древним']
древний,,INS,MASC,SG,['древним']
древний,,INS,NEUT,SG,['древним']
древний,,INS,,PL,['древними']
древний,ANIM,ACC,,PL,['древних']
древний,,ESS,,PL,['древних']
древний,,GEN,,PL,['древних']
древний,,ACC,FEM,SG,['древнюю']
древний,,NOM,FEM,SG,['древняя']
замечательный,,NOM,FEM,SG,['замечательная']
замечательный,ANIM,ACC,MASC,SG,['замечательного']
замечательный,,GEN,MASC,SG,['замечательного']
замечательный,,GEN,NEUT,SG,['замечательного']
замечательный,,ACC,NEUT,SG,['замечательное']
замечательный,,NOM,NEUT,SG,['замечательное']
замечательный,,DAT,FEM,SG,['замечательной']
замечательный,,ESS,FEM,SG,['замечательной']
замечательный,,GEN,FEM,SG,['замечательной']
замечательный,,INS,FEM,SG,['замечательной']
замечательный,,ESS,MASC,SG,['замечательном']
замечательный,,ESS,NEUT,SG,['замечательном']
замечательный,,DAT,MASC,SG,['замечательному']
замечательный,,DAT,NEUT,SG,['замечательному']
замечательный,,ACC,FEM,SG,['замечательную']
замечательный,INAN,ACC,,PL,['замечательные']
замечательный,,NOM,,PL,['замечательные']
замечательный,INAN,ACC,MASC,SG,['замечательный']
замечательный,,NOM,MASC,SG,['замечательный']
замечательный,,DAT,,PL,['замечательным']
замечательный,,INS,MASC,SG,['замечательным']
замечательный,,INS,NEUT,SG,['замечательным']
замечательный,,INS,,PL,['замечательными']
замечательный,ANIM,ACC,,PL,['замечательных']
замечательный,,ESS,,PL,['замечательных']
замечательный,,GEN,,PL,['замечательных']
исторический,,NOM,FEM,SG,['историческая']
исторический,INAN,ACC,,PL,['исторические']
исторический,,NOM,,PL,['исторические']
исторический,INAN,ACC,MASC,SG,['исторический']
исторический,,NOM,MASC,SG,['исторический']
исторический,,DAT,,PL,['историческим']
исторический,,INS,MASC,SG,['историческим']
исторический,,INS,NEUT,SG,['историческим']
исторический,,INS,,PL,['историческими']
исторический,ANIM,ACC,,PL,['исторических']
исторический,,ESS,,PL,['исторических']
исторический,,GEN,,PL,['исторических']
исторический,ANIM,ACC,MASC,SG,['исторического']
исторический,,GEN,MASC,SG,['исторического']
исторический,,GEN,NEUT,SG,['исторического']
исторический,,ACC,NEUT,SG,['историческое']
исторический,,NOM,NEUT,SG,['историческое']
исторический,,DAT,FEM,SG,['исторической']
исторический,,ESS,FEM,SG,['исторической']
исторический,,GEN,FEM,SG,['исторической']
исторический,,INS,FEM,SG,['исторической']
исторический,,ESS,MASC,SG,['историческом']
исторический,,ESS,NEUT,SG,['историческом']
исторический,,DAT,MASC,SG,['историческому']
исторический,,DAT,NEUT,SG,['историческому']
исторический,,ACC,FEM,SG,['историческую']
красивый,,NOM,FEM,SG,['красивая']
красивый,ANIM,ACC,MASC,SG,['красивого']
красивый,,GEN,MASC,SG,['красивого']
красивый,,GEN,NEUT,SG,['красивого']
красивый,,ACC,NEUT,SG,['красивое']
красивый,,NOM,NEUT,SG,['красивое']
красивый,,DAT,FEM,SG,['красивой']
красивый,,ESS,FEM,SG,['красивой']
красивый,,GEN,FEM,SG,['красивой']
красивый,,INS,FEM,SG,['красивой']
красивый,,ESS,MASC,SG,['красивом']
красивый,,ESS,NEUT,SG,['красивом']
красивый,,DAT,MASC,SG,['красивому']
красивый,,DAT,NEUT,SG,['красивому']
красивый,,ACC,FEM,SG,['красивую']
красивый,INAN,ACC,,PL,['красивые']
красивый,,NOM,,PL,['красивые']
красивый,INAN,ACC,MASC,SG,['красивый']
красивый,,NOM,MASC,SG,['красивый']
красивый,,DAT,,PL,['красивым']
красивый,,INS,MASC,SG,['красивым']
красивый,,INS,NEUT,SG,['красивым']
красивый,,INS,,PL,['красивыми']
красивый,ANIM,ACC,,PL,['красивых']
красивый,,ESS,,PL,['красивых']
красивый,,GEN,,PL,['красивых']
маленький,,NOM,FEM,SG,['маленькая']
маленький,INAN,ACC,,PL,['маленькие']
маленький,,NOM,,PL,['маленькие']
маленький,INAN,ACC,MASC,SG,['маленький']
маленький,,NOM,MASC,SG,['маленький']
маленький,,DAT,,PL,['маленьким']
маленький,,INS,MASC,SG,['маленьким']
маленький,,INS,NEUT,SG,['маленьким']
маленький,,INS,,PL,['маленькими']
маленький,ANIM,ACC,,PL,['маленьких']
маленький,,ESS,,PL,['маленьких']
маленький,,GEN,,PL,['маленьких']
маленький,ANIM,ACC,MASC,SG,['маленького']
маленький,,GEN,MASC,SG,['маленького']
маленький,,GEN,NEUT,SG,['маленького']
маленький,,ACC,NEUT,SG,['маленькое']
маленький,,NOM,NEUT,SG,['маленькое']
маленький,,DAT,FEM,SG,['маленькой']
маленький,,ESS,FEM,SG,['маленькой']
маленький,,GEN,FEM,SG,['маленькой']
маленький,,INS,FEM,SG,['маленькой']
маленький,,ESS,MASC,SG,['маленьком']
маленький,,ESS,NEUT,SG,['маленьком']
маленький,,DAT,MASC,SG,['маленькому']
маленький,,DAT,NEUT,SG,['маленькому']
маленький,,ACC,FEM,SG,['маленькую']
небольшой,,NOM,FEM,SG,['небольшая']
небольшой,INAN,ACC,,PL,['небольшие']
небольшой,,NOM,,PL,['небольшие']
небольшой,,DAT,,PL,['небольшим']
небольшой,,INS,MASC,SG,['небольшим']
небольшой,,INS,NEUT,SG,['небольшим']
небольшой,,INS,,PL,['небольшими']
небольшой,ANIM,ACC,,PL,['небольших']
небольшой,,ESS,,PL,['небольших']
небольшой,,GEN,,PL,['небольших']
небольшой,ANIM,ACC,MASC,SG,['небольшого']
небольшой,,GEN,MASC,SG,['небольшого']
небольшой,,GEN,NEUT,SG,['небольшого']
небольшой,,ACC,NEUT,SG,['небольшое']
небольшой,,NOM,NEUT,SG,['небольшое']
небольшой,,DAT,FEM,SG,['небольшой']
небольшой,,ESS,FEM,SG,['небольшой']
небольшой,,GEN,FEM,SG,['небольшой']
небольшой,INAN,ACC,MASC,SG,['небольшой']
небольшой,,INS,FEM,SG,['небольшой']
небольшой,,NOM,MASC,SG,['небольшой']
небольшой,,ESS,MASC,SG,['небольшом']
небольшой,,ESS,NEUT,SG,['небольшом']
небольшой,,DAT,MASC,SG,['небольшому']
небольшой,,DAT,NEUT,SG,['небольшому']
небольшой,,ACC,FEM,SG,['небольшую']
новый,,NOM,FEM,SG,['новая']
новый,ANIM,ACC,MASC,SG,['нового']
новый,,GEN,MASC,SG,['нового']
новый,,GEN,NEUT,SG,['нового']
новый,,ACC,NEUT,SG,['новое']
новый,,NOM,NEUT,SG,['новое']
новый,,DAT,FEM,SG,['новой']
новый,,ESS,FEM,SG,['новой']
новый,,GEN,FEM,SG,['новой']
новый,,INS,FEM,SG,['новой']
новый,,ESS,MASC,SG,['новом']
новый,,ESS,NEUT,SG,['новом']
новый,,DAT,MASC,SG,['новому']
новый,,DAT,NEUT,SG,['новому']
новый,,ACC,FEM,SG,['новую']
новый,INAN,ACC,,PL,['новые']
новый,,NOM,,PL,['новые']
новый,INAN,ACC,MASC,SG,['новый']
новый,,NOM,MASC,SG,['новый']
новый,,DAT,,PL,['новым']
новый,,INS,MASC,SG,['новым']
новый,,INS,NEUT,SG,['новым']
новый,,INS,,PL,['новыми']
новый,ANIM,ACC,,PL,['новых']
новый,,ESS,,PL,['новых']
новый,,GEN,,PL,['новых']
огромный,,NOM,FEM,SG,['огромная']
огромный,ANIM,ACC,MASC,SG,['огромного']
огромный,,GEN,MASC,SG,['огромного']
огромный,,GEN,NEUT,SG,['огромного']
огромный,,ACC,NEUT,SG,['огромное']
огромный,,NOM,NEUT,SG,['огромное']
огромный,,DAT,FEM,SG,['огромной']
огромный,,ESS,FEM,SG,['огромной']
огромный,,GEN,FEM,SG,['огромной']
огромный,,INS,FEM,SG,['огромной']
огромный,,ESS,MASC,SG,['огромном']
огромный,,ESS,NEUT,SG,['огромном']
огромный,,DAT,MASC,SG,['огромному']
огромный,,DAT,NEUT,SG,['огромному']
огромный,,ACC,FEM,SG,['огромную']
огромный,INAN,ACC,,PL,['огромные']
огромный,,NOM,,PL,['огромные']
огромный,INAN,ACC,MASC,SG,['огромный']
огромный,,NOM,MASC,SG,['огромный']
огромный,,DAT,,PL,['огромным']
огромный,,INS,MASC,SG,['огромным']
огромный,,INS,NEUT,SG,['огромным']
огромный,,INS,,PL,['огромными']
огромный,ANIM,ACC,,PL,['огромных']
огромный,,ESS,,PL,['огромных']
огромный,,GEN,,PL,['огромных']
очаровательный,,NOM,FEM,SG,['очаровательная']
очаровательный,ANIM,ACC,MASC,SG,['очаровательного']
очаровательный,,GEN,MASC,SG,['очаровательного']
очаровательный,,GEN,NEUT,SG,['очаровательного']
очаровательный,,ACC,NEUT,SG,['очаровательное']
очаровательный,,NOM,NEUT,SG,['очаровательное']
очаровательный,,DAT,FEM,SG,['очаровательной']
очаровательный,,ESS,FEM,SG,['очаровательной']
очаровательный,,GEN,FEM,SG,['очаровательной']
очаровательный,,INS,FEM,SG,['очаровательной']
очаровательный,,ESS,MASC,SG,['очаровательном']
очаровательный,,ESS,NEUT,SG,['очаровательном']
очаровательный,,DAT,MASC,SG,['очаровательному']
очаровательный,,DAT,NEUT,SG,['очаровательному']
очаровательный,,ACC,FEM,SG,['очаровательную']
очаровательный,INAN,ACC,,PL,['очаровательные']
очаровательный,,NOM,,PL,['очаровательные']
очаровательный,INAN,ACC,MASC,SG,['очаровательный']
очаровательный,,NOM,MASC,SG,['очаровательный']
очаровательный,,DAT,,PL,['очаровательным']
очаровательный,,INS,MASC,SG,['очаровательным']
очаровательный,,INS,NEUT,SG,['очаровательным']
очаровательный,,INS,,PL,['очаровательными']
очаровательный,ANIM,ACC,,PL,['очаровательных']
очаровательный,,ESS,,PL,['очаровательных']
очаровательный,,GEN,,PL,['очаровательных']
стойкий,,NOM,FEM,SG,['стойкая']
стойкий,INAN,ACC,,PL,['стойкие']
стойкий,,NOM,,PL,['стойкие']
стойкий,INAN,ACC,MASC,SG,['стойкий']
стойкий,,NOM,MASC,SG,['стойкий']
стойкий,,DAT,,PL,['стойким']
стойкий,,INS,MASC,SG,['стойким']
стойкий,,INS,NEUT,SG,['стойким']
стойкий,,INS,,PL,['стойкими']
стойкий,ANIM,ACC,,PL,['стойких']
стойкий,,ESS,,PL,['стойких']
стойкий,,GEN,,PL,['стойких']
стойкий,ANIM,ACC,MASC,SG,['стойкого']
стойкий,,GEN,MASC,SG,['стойкого']
стойкий,,GEN,NEUT,SG,['стойкого']
стойкий,,ACC,NEUT,SG,['стойкое']
стойкий,,NOM,NEUT,SG,['стойкое']
стойкий,,DAT,FEM,SG,['стойкой']
стойкий,,ESS,FEM,SG,['стойкой']
стойкий,,GEN,FEM,SG,['стойкой']
стойкий,,INS,FEM,SG,['стойкой']
стойкий,,ESS,MASC,SG,['стойком']
стойкий,,ESS,NEUT,SG,['стойком']
стойкий,,DAT,MASC,SG,['стойкому']
стойкий,,DAT,NEUT,SG,['стойкому']
стойкий,,ACC,FEM,SG,['стойкую']
уродливый,,NOM,FEM,SG,['уродливая']
уродливый,ANIM,ACC,MASC,SG,['уродливого']
уродливый,,GEN,MASC,SG,['уродливого']
уродливый,,GEN,NEUT,SG,['уродливого']
уродливый,,ACC,NEUT,SG,['уродливое']
уродливый,,NOM,NEUT,SG,['уродливое']
уродливый,,DAT,FEM,SG,['уродливой']
уродливый,,ESS,FEM,SG,['уродливой']
уродливый,,GEN,FEM,SG,['уродливой']
уродливый,,INS,FEM,SG,['уродливой']
уродливый,,ESS,MASC,SG,['уродливом']
уродливый,,ESS,NEUT,SG,['уродливом']
уродливый,,DAT,MASC,SG,['уродливому']
уродливый,,DAT,NEUT,SG,['уродливому']
уродливый,,ACC,FEM,SG,['уродливую']
уродливый,INAN,ACC,,PL,['уродливые']
уродливый,,NOM,,PL,['уродливые']
уродливый,INAN,ACC,MASC,SG,['уродливый']
уродливый,,NOM,MASC,SG,['уродливый']
уродливый,,DAT,,PL,['уродливым']
уродливый,,INS,MASC,SG,['уродливым']
уродливый,,INS,NEUT,SG,['уродливым']
уродливый,,INS,,PL,['уродливыми']
уродливый,ANIM,ACC,,PL,['уродливых']
уродливый,,ESS,,PL,['уродливых']
уродливый,,GEN,,PL,['уродливых']
