base_word,mood,tense,polarity,person,aspect,plurality,inflection
okumak,IND,PRS,POS,3,PROG,SG,['okuyor']
okumak,IND,PRS,POS,3,PROG,PL,['okuyorlar']
okumak,IND,PRS,POS,3,HAB,SG,['okur']
okumak,IND,PRS,POS,3,HAB,PL,['okurlar']
yazmak,IND,PRS,POS,3,PROG,SG,['yazıyor']
yazmak,IND,PRS,POS,3,PROG,PL,['yazıyorlar']
yazmak,IND,PRS,POS,3,HAB,SG,['yazar']
yazmak,IND,PRS,POS,3,HAB,PL,['yazarlar']
öğrenmek,IND,PRS,POS,3,PROG,SG,['öğreniyor']
öğrenmek,IND,PRS,POS,3,PROG,PL,['öğreniyorlar']
öğrenmek,IND,PRS,POS,3,HAB,SG,['öğrenir']
öğrenmek,IND,PRS,POS,3,HAB,PL,['öğrenirler']
oturmak,IND,PRS,POS,3,PROG,SG,['oturuyor']
oturmak,IND,PRS,POS,3,PROG,PL,['oturuyorlar']
oturmak,IND,PRS,POS,3,HAB,SG,['oturur']
oturmak,IND,PRS,POS,3,HAB,PL,['otururlar']
kalkmak,IND,PRS,POS,3,PROG,SG,['kalkıyor']
kalkmak,IND,PRS,POS,3,PROG,PL,['kalkıyorlar']
kalkmak,IND,PRS,POS,3,HAB,SG,['kalkar']
kalkmak,IND,PRS,POS,3,HAB,PL,['kalkarlar']
beklemek,IND,PRS,POS,3,PROG,SG,['bekliyor']
beklemek,IND,PRS,POS,3,PROG,PL,['bekliyorlar']
beklemek,IND,PRS,POS,3,HAB,SG,['bekler']
beklemek,IND,PRS,POS,3,HAB,PL,['beklerler']
duymak,IND,PRS,POS,3,PROG,SG,['duyuyor']
duymak,IND,PRS,POS,3,PROG,PL,['duyuyorlar']
duymak,IND,PRS,POS,3,HAB,SG,['duyar']
duymak,IND,PRS,POS,3,HAB,PL,['duyarlar']
gezmek,IND,PRS,POS,3,PROG,SG,['geziyor']
gezmek,IND,PRS,POS,3,PROG,PL,['geziyorlar']
gezmek,IND,PRS,POS,3,HAB,SG,['gezer']
gezmek,IND,PRS,POS,3,HAB,PL,['gezerler']
savunmak,IND,PRS,POS,3,PROG,SG,['savunuyor']
savunmak,IND,PRS,POS,3,PROG,PL,['savunuyorlar']
savunmak,IND,PRS,POS,3,HAB,SG,['savunur']
savunmak,IND,PRS,POS,3,HAB,PL,['savunurlar']
açmak,IND,PRS,POS,3,PROG,SG,['açıyor']
açmak,IND,PRS,POS,3,PROG,PL,['açıyorlar']
açmak,IND,PRS,POS,3,HAB,SG,['açar']
açmak,IND,PRS,POS,3,HAB,PL,['açarlar']
içmek,IND,PRS,POS,3,PROG,SG,['içiyor']
içmek,IND,PRS,POS,3,PROG,PL,['içiyorlar']
içmek,IND,PRS,POS,3,HAB,SG,['içer']
içmek,IND,PRS,POS,3,HAB,PL,['içerler']
kapatmak,IND,PRS,POS,3,PROG,SG,['kapatıyor']
kapatmak,IND,PRS,POS,3,PROG,PL,['kapatıyorlar']
kapatmak,IND,PRS,POS,3,HAB,SG,['kapatır']
kapatmak,IND,PRS,POS,3,HAB,PL,['kapatırlar']
aramak,IND,PRS,POS,3,PROG,SG,['arıyor']
aramak,IND,PRS,POS,3,PROG,PL,['arıyorlar']
aramak,IND,PRS,POS,3,HAB,SG,['arar']
aramak,IND,PRS,POS,3,HAB,PL,['ararlar']
gülümsemek,IND,PRS,POS,3,PROG,SG,['gülümseyiyor']
gülümsemek,IND,PRS,POS,3,PROG,PL,['gülümseyiyorlar']
gülümsemek,IND,PRS,POS,3,HAB,SG,['gülümser']
gülümsemek,IND,PRS,POS,3,HAB,PL,['gülümserler']
atıştırmak,IND,PRS,POS,3,PROG,SG,['atıştırıyor']
atıştırmak,IND,PRS,POS,3,PROG,PL,['atıştırıyorlar']
atıştırmak,IND,PRS,POS,3,HAB,SG,['atıştırır']
atıştırmak,IND,PRS,POS,3,HAB,PL,['atıştırırlar']
dönmek,IND,PRS,POS,3,PROG,SG,['dönüyor']
dönmek,IND,PRS,POS,3,PROG,PL,['dönüyorlar']
dönmek,IND,PRS,POS,3,HAB,SG,['döner']
dönmek,IND,PRS,POS,3,HAB,PL,['dönerler']
getirmek,IND,PRS,POS,3,PROG,SG,['getiriyor']
getirmek,IND,PRS,POS,3,PROG,PL,['getiriyorlar']
getirmek,IND,PRS,POS,3,HAB,SG,['getirir']
getirmek,IND,PRS,POS,3,HAB,PL,['getirirler']
uyumak,IND,PRS,POS,3,PROG,SG,['uyuyor']
uyumak,IND,PRS,POS,3,PROG,PL,['uyuyorlar']
uyumak,IND,PRS,POS,3,HAB,SG,['uyur']
uyumak,IND,PRS,POS,3,HAB,PL,['uyurlar']
okumak,IND,PST,POS,3,PFV,SG,['okudu']
okumak,IND,PST,POS,3,PFV,PL,['okudular']
okumak,IND,PST,POS,3,HAB,SG,['okurdu']
okumak,IND,PST,POS,3,HAB,PL,['okurlardı']
yazmak,IND,PST,POS,3,PFV,SG,['yazdı']
yazmak,IND,PST,POS,3,PFV,PL,['yazdılar']
yazmak,IND,PST,POS,3,HAB,SG,['yazardı']
yazmak,IND,PST,POS,3,HAB,PL,['yazarlardı']
öğrenmek,IND,PST,POS,3,PFV,SG,['öğrendi']
öğrenmek,IND,PST,POS,3,PFV,PL,['öğrendiler']
öğrenmek,IND,PST,POS,3,HAB,SG,['öğrenirdi']
öğrenmek,IND,PST,POS,3,HAB,PL,['öğrenirlerdi']
oturmak,IND,PST,POS,3,PFV,SG,['oturdu']
oturmak,IND,PST,POS,3,PFV,PL,['oturdular']
oturmak,IND,PST,POS,3,HAB,SG,['otururdu']
oturmak,IND,PST,POS,3,HAB,PL,['otururlardı']
kalkmak,IND,PST,POS,3,PFV,SG,['kalktı']
kalkmak,IND,PST,POS,3,PFV,PL,['kalktılar']
kalkmak,IND,PST,POS,3,HAB,SG,['kalkardı']
kalkmak,IND,PST,POS,3,HAB,PL,['kalkarlardı']
beklemek,IND,PST,POS,3,PFV,SG,['bekledi']
beklemek,IND,PST,POS,3,PFV,PL,['beklediler']
beklemek,IND,PST,POS,3,HAB,SG,['beklerdi']
beklemek,IND,PST,POS,3,HAB,PL,['beklerlerdi']
duymak,IND,PST,POS,3,PFV,SG,['duydu']
duymak,IND,PST,POS,3,PFV,PL,['duydular']
duymak,IND,PST,POS,3,HAB,SG,['duyardı']
duymak,IND,PST,POS,3,HAB,PL,['duyarlardı']
gezmek,IND,PST,POS,3,PFV,SG,['gezdi']
gezmek,IND,PST,POS,3,PFV,PL,['gezdiler']
gezmek,IND,PST,POS,3,HAB,SG,['gezerdi']
gezmek,IND,PST,POS,3,HAB,PL,['gezerlerdi']
savunmak,IND,PST,POS,3,PFV,SG,['savundu']
savunmak,IND,PST,POS,3,PFV,PL,['savundular']
savunmak,IND,PST,POS,3,HAB,SG,['savunurdu']
savunmak,IND,PST,POS,3,HAB,PL,['savunurlardı']
açmak,IND,PST,POS,3,PFV,SG,['açtı']
açmak,IND,PST,POS,3,PFV,PL,['açtılar']
açmak,IND,PST,POS,3,HAB,SG,['açardı']
açmak,IND,PST,POS,3,HAB,PL,['açarlardı']
kapatmak,IND,PST,POS,3,PFV,SG,['kapattı']
kapatmak,IND,PST,POS,3,PFV,PL,['kapattılar']
kapatmak,IND,PST,POS,3,HAB,SG,['kapatırdı']
kapatmak,IND,PST,POS,3,HAB,PL,['kapatırlardı']
aramak,IND,PST,POS,3,PFV,SG,['aradı']
aramak,IND,PST,POS,3,PFV,PL,['aradılar']
aramak,IND,PST,POS,3,HAB,SG,['arardı']
aramak,IND,PST,POS,3,HAB,PL,['ararlardı']
gülümsemek,IND,PST,POS,3,PFV,SG,['gülümsedi']
gülümsemek,IND,PST,POS,3,PFV,PL,['gülümsediler']
gülümsemek,IND,PST,POS,3,HAB,SG,['gülümserdi']
gülümsemek,IND,PST,POS,3,HAB,PL,['gülümserlerdi']
içmek,IND,PST,POS,3,PFV,SG,['içti']
içmek,IND,PST,POS,3,PFV,PL,['içtiler']
içmek,IND,PST,POS,3,HAB,SG,['içerdi']
içmek,IND,PST,POS,3,HAB,PL,['içerlerdi']
atıştırmak,IND,PST,POS,3,PFV,SG,['atıştırdı']
atıştırmak,IND,PST,POS,3,PFV,PL,['atıştırdılar']
atıştırmak,IND,PST,POS,3,HAB,SG,['atıştırırdı']
atıştırmak,IND,PST,POS,3,HAB,PL,['atıştırırlardı']
dönmek,IND,PST,POS,3,PFV,SG,['döndü']
dönmek,IND,PST,POS,3,PFV,PL,['döndüler']
dönmek,IND,PST,POS,3,HAB,SG,['dönerdi']
dönmek,IND,PST,POS,3,HAB,PL,['dönerlerdi']
getirmek,IND,PST,POS,3,PFV,SG,['getirdi']
getirmek,IND,PST,POS,3,PFV,PL,['getirdiler']
getirmek,IND,PST,POS,3,HAB,SG,['getirirdi']
getirmek,IND,PST,POS,3,HAB,PL,['getirirlerdi']
uyumak,IND,PST,POS,3,PFV,SG,['uyudu']
uyumak,IND,PST,POS,3,PFV,PL,['uyudular']
uyumak,IND,PST,POS,3,HAB,SG,['uyurdu']
uyumak,IND,PST,POS,3,HAB,PL,['uyurlardı']
okumak,IMP,,POS,3,,SG,['oku']
okumak,IMP,,POS,3,,PL,['okuyun']
yazmak,IMP,,POS,3,,SG,['yaz']
yazmak,IMP,,POS,3,,PL,['yazın']
öğrenmek,IMP,,POS,3,,SG,['öğren']
öğrenmek,IMP,,POS,3,,PL,['öğrenin']
oturmak,IMP,,POS,3,,SG,['otur']
oturmak,IMP,,POS,3,,PL,['oturun']
kalkmak,IMP,,POS,3,,SG,['kalk']
kalkmak,IMP,,POS,3,,PL,['kalkın']
beklemek,IMP,,POS,3,,SG,['bekle']
beklemek,IMP,,POS,3,,PL,['bekleyin']
dinlemek,IMP,,POS,3,,SG,['dinle']
dinlemek,IMP,,POS,3,,PL,['dinleyin']
gezmek,IMP,,POS,3,,SG,['gez']
gezmek,IMP,,POS,3,,PL,['gezin']
koşmak,IMP,,POS,3,,SG,['koş']
koşmak,IMP,,POS,3,,PL,['koşun']
açmak,IMP,,POS,3,,SG,['aç']
açmak,IMP,,POS,3,,PL,['açın']
kapatmak,IMP,,POS,3,,SG,['kapat']
kapatmak,IMP,,POS,3,,PL,['kapatın']
öğrenmek,IMP,,POS,3,,SG,['öğren']
öğrenmek,IMP,,POS,3,,PL,['öğrenin']
aramak,IMP,,POS,3,,SG,['ara']
aramak,IMP,,POS,3,,PL,['arayın']
gülümsemek,IMP,,POS,3,,SG,['gülümse']
gülümsemek,IMP,,POS,3,,PL,['gülümseyin']
yemek,IMP,,POS,3,,SG,['ye']
yemek,IMP,,POS,3,,PL,['yiyin']
dönmek,IMP,,POS,3,,SG,['dön']
dönmek,IMP,,POS,3,,PL,['dönün']
dönmek,IMP,,POS,3,,SG,['dön']
dönmek,IMP,,POS,3,,PL,['dönün']
getirmek,IMP,,POS,3,,SG,['getir']
getirmek,IMP,,POS,3,,PL,['getirin']
uyumak,IMP,,POS,3,,SG,['uyu']
uyumak,IMP,,POS,3,,PL,['uyuyun']
