base_word,voice,mood,person,tense,gender,plurality,inflection
לקרוא,ACT,IND,3.0,PST,MASC,SG,['קרא']
לקרוא,ACT,IND,3.0,PST,FEM,SG,['קראה']
לקרוא,ACT,IND,3.0,PST,MASC,PL,['קראו']
לקרוא,ACT,IND,3.0,PST,FEM,PL,['קראו']
לקרוא,ACT,IND,3.0,PRS,MASC,SG,['קורא']
לקרוא,ACT,IND,3.0,PRS,FEM,SG,['קוראת']
לקרוא,ACT,IND,3.0,PRS,MASC,PL,['קוראים']
לקרוא,ACT,IND,3.0,PRS,FEM,PL,['קוראות']
לכתוב,ACT,IND,3.0,PST,MASC,SG,['כתב']
לכתוב,ACT,IND,3.0,PST,FEM,SG,['כתבה']
לכתוב,ACT,IND,3.0,PST,MASC,PL,['כתבו']
לכתוב,ACT,IND,3.0,PST,FEM,PL,['כתבו']
לכתוב,ACT,IND,3.0,PRS,MASC,SG,['כותב']
לכתוב,ACT,IND,3.0,PRS,FEM,SG,['כותבת']
לכתוב,ACT,IND,3.0,PRS,MASC,PL,['כותבים']
לכתוב,ACT,IND,3.0,PRS,FEM,PL,['כותבות']
ללמוד,ACT,IND,3.0,PST,MASC,SG,['למד']
ללמוד,ACT,IND,3.0,PST,FEM,SG,['למדה']
ללמוד,ACT,IND,3.0,PST,MASC,PL,['למדו']
ללמוד,ACT,IND,3.0,PST,FEM,PL,['למדו']
ללמוד,ACT,IND,3.0,PRS,MASC,SG,['לומד']
ללמוד,ACT,IND,3.0,PRS,FEM,SG,['לומדת']
ללמוד,ACT,IND,3.0,PRS,MASC,PL,['לומדים']
ללמוד,ACT,IND,3.0,PRS,FEM,PL,['לומדות']
לשבת,ACT,IND,3.0,PST,MASC,SG,['ישב']
לשבת,ACT,IND,3.0,PST,FEM,SG,['ישבה']
לשבת,ACT,IND,3.0,PST,MASC,PL,['ישבו']
לשבת,ACT,IND,3.0,PST,FEM,PL,['ישבו']
לשבת,ACT,IND,3.0,PRS,MASC,SG,['יושב']
לשבת,ACT,IND,3.0,PRS,FEM,SG,['יושבת']
לשבת,ACT,IND,3.0,PRS,MASC,PL,['יושבים']
לשבת,ACT,IND,3.0,PRS,FEM,PL,['יושבות']
לקום,ACT,IND,3.0,PST,MASC,SG,['קם']
לקום,ACT,IND,3.0,PST,FEM,SG,['קמה']
לקום,ACT,IND,3.0,PST,MASC,PL,['קמו']
לקום,ACT,IND,3.0,PST,FEM,PL,['קמו']
לקום,ACT,IND,3.0,PRS,MASC,SG,['קם']
לקום,ACT,IND,3.0,PRS,FEM,SG,['קמה']
לקום,ACT,IND,3.0,PRS,MASC,PL,['קמים']
לקום,ACT,IND,3.0,PRS,FEM,PL,['קמות']
לשמוע,ACT,IND,3.0,PST,MASC,SG,['שמע']
לשמוע,ACT,IND,3.0,PST,FEM,SG,['שמעה']
לשמוע,ACT,IND,3.0,PST,MASC,PL,['שמעו']
לשמוע,ACT,IND,3.0,PST,FEM,PL,['שמעו']
לשמוע,ACT,IND,3.0,PRS,MASC,SG,['שומע']
לשמוע,ACT,IND,3.0,PRS,FEM,SG,['שומעת']
לשמוע,ACT,IND,3.0,PRS,MASC,PL,['שומעים']
לשמוע,ACT,IND,3.0,PRS,FEM,PL,['שומעות']
ללכת,ACT,IND,3.0,PST,MASC,SG,['הלך']
ללכת,ACT,IND,3.0,PST,FEM,SG,['הלכה']
ללכת,ACT,IND,3.0,PST,MASC,PL,['הלכו']
ללכת,ACT,IND,3.0,PST,FEM,PL,['הלכו']
ללכת,ACT,IND,3.0,PRS,MASC,SG,['הולך']
ללכת,ACT,IND,3.0,PRS,FEM,SG,['הולכת']
ללכת,ACT,IND,3.0,PRS,MASC,PL,['הולכים']
ללכת,ACT,IND,3.0,PRS,FEM,PL,['הולכות']
לדבר,ACT,IND,3.0,PST,MASC,SG,['דיבר']
לדבר,ACT,IND,3.0,PST,FEM,SG,['דיברה']
לדבר,ACT,IND,3.0,PST,MASC,PL,['דיברו']
לדבר,ACT,IND,3.0,PST,FEM,PL,['דיברו']
לדבר,ACT,IND,3.0,PRS,MASC,SG,['מדבר']
לדבר,ACT,IND,3.0,PRS,FEM,SG,['מדברת']
לדבר,ACT,IND,3.0,PRS,MASC,PL,['מדברים']
לדבר,ACT,IND,3.0,PRS,FEM,PL,['מדברות']
לפתוח,ACT,IND,3.0,PST,MASC,SG,['פתח']
לפתוח,ACT,IND,3.0,PST,FEM,SG,['פתחה']
לפתוח,ACT,IND,3.0,PST,MASC,PL,['פתחו']
לפתוח,ACT,IND,3.0,PST,FEM,PL,['פתחו']
לפתוח,ACT,IND,3.0,PRS,MASC,SG,['פותח']
לפתוח,ACT,IND,3.0,PRS,FEM,SG,['פותחת']
לפתוח,ACT,IND,3.0,PRS,MASC,PL,['פותחים']
לפתוח,ACT,IND,3.0,PRS,FEM,PL,['פותחות']
לסגור,ACT,IND,3.0,PST,MASC,SG,['סגר']
לסגור,ACT,IND,3.0,PST,FEM,SG,['סגרה']
לסגור,ACT,IND,3.0,PST,MASC,PL,['סגרו']
לסגור,ACT,IND,3.0,PST,FEM,PL,['סגרו']
לסגור,ACT,IND,3.0,PRS,MASC,SG,['סוגר']
לסגור,ACT,IND,3.0,PRS,FEM,SG,['סוגרת']
לסגור,ACT,IND,3.0,PRS,MASC,PL,['סוגרים']
לסגור,ACT,IND,3.0,PRS,FEM,PL,['סוגרות']
לעזור,ACT,IND,3.0,PST,MASC,SG,['עזר']
לעזור,ACT,IND,3.0,PST,FEM,SG,['עזרה']
לעזור,ACT,IND,3.0,PST,MASC,PL,['עזרו']
לעזור,ACT,IND,3.0,PST,FEM,PL,['עזרו']
לעזור,ACT,IND,3.0,PRS,MASC,SG,['עוזר']
לעזור,ACT,IND,3.0,PRS,FEM,SG,['עוזרת']
לעזור,ACT,IND,3.0,PRS,MASC,PL,['עוזרים']
לעזור,ACT,IND,3.0,PRS,FEM,PL,['עוזרות']
לשמור,ACT,IND,3.0,PST,MASC,SG,['שמר']
לשמור,ACT,IND,3.0,PST,FEM,SG,['שמרה']
לשמור,ACT,IND,3.0,PST,MASC,PL,['שמרו']
לשמור,ACT,IND,3.0,PST,FEM,PL,['שמרו']
לשמור,ACT,IND,3.0,PRS,MASC,SG,['שומר']
לשמור,ACT,IND,3.0,PRS,FEM,SG,['שומרת']
לשמור,ACT,IND,3.0,PRS,MASC,PL,['שומרים']
לשמור,ACT,IND,3.0,PRS,FEM,PL,['שומרות']
לחפש,ACT,IND,3.0,PST,MASC,SG,['חיפש']
לחפש,ACT,IND,3.0,PST,FEM,SG,['חיפשה']
לחפש,ACT,IND,3.0,PST,MASC,PL,['חיפשו']
לחפש,ACT,IND,3.0,PST,FEM,PL,['חיפשו']
לחפש,ACT,IND,3.0,PRS,MASC,SG,['מחפש']
לחפש,ACT,IND,3.0,PRS,FEM,SG,['מחפשת']
לחפש,ACT,IND,3.0,PRS,MASC,PL,['מחפשים']
לחפש,ACT,IND,3.0,PRS,FEM,PL,['מחפשות']
לשתות,ACT,IND,3.0,PST,MASC,SG,['שתה']
לשתות,ACT,IND,3.0,PST,FEM,SG,['שתתה']
לשתות,ACT,IND,3.0,PST,MASC,PL,['שתו']
לשתות,ACT,IND,3.0,PST,FEM,PL,['שתו']
לשתות,ACT,IND,3.0,PRS,MASC,SG,['שותה']
לשתות,ACT,IND,3.0,PRS,FEM,SG,['שותה']
לשתות,ACT,IND,3.0,PRS,MASC,PL,['שותים']
לשתות,ACT,IND,3.0,PRS,FEM,PL,['שותות']
לאכול,ACT,IND,3.0,PST,MASC,SG,['אכל']
לאכול,ACT,IND,3.0,PST,FEM,SG,['אכלה']
לאכול,ACT,IND,3.0,PST,MASC,PL,['אכלו']
לאכול,ACT,IND,3.0,PST,FEM,PL,['אכלו']
לאכול,ACT,IND,3.0,PRS,MASC,SG,['אוכל']
לאכול,ACT,IND,3.0,PRS,FEM,SG,['אוכלת']
לאכול,ACT,IND,3.0,PRS,MASC,PL,['אוכלים']
לאכול,ACT,IND,3.0,PRS,FEM,PL,['אוכלות']
לצאת,ACT,IND,3.0,PST,MASC,SG,['יצא']
לצאת,ACT,IND,3.0,PST,FEM,SG,['יצאה']
לצאת,ACT,IND,3.0,PST,MASC,PL,['יצאו']
לצאת,ACT,IND,3.0,PST,FEM,PL,['יצאו']
לצאת,ACT,IND,3.0,PRS,MASC,SG,['יוצא']
לצאת,ACT,IND,3.0,PRS,FEM,SG,['יוצאת']
לצאת,ACT,IND,3.0,PRS,MASC,PL,['יוצאים']
לצאת,ACT,IND,3.0,PRS,FEM,PL,['יוצאות']
לישון,ACT,IND,3.0,PST,MASC,SG,['ישן'] 
לישון,ACT,IND,3.0,PST,FEM,SG,['ישנה'] 
לישון,ACT,IND,3.0,PST,MASC,PL,['ישנו']
לישון,ACT,IND,3.0,PST,FEM,PL,['ישנו']
לישון,ACT,IND,3.0,PRS,MASC,SG,['ישן']
לישון,ACT,IND,3.0,PRS,FEM,SG,['ישנה']
לישון,ACT,IND,3.0,PRS,MASC,PL,['ישנים']
לישון,ACT,IND,3.0,PRS,FEM,PL,['ישנות']
לדבר,,IMP,,,MASC,SG,['דבר'] 
לדבר,,IMP,,,MASC,PL,['דברו']
לדבר,,IMP,,,FEM,SG,['דברי']
לדבר,,IMP,,,FEM,PL,"['דברו', 'דברנה']"
לכתוב,,IMP,,,MASC,SG,['כתוב']
לכתוב,,IMP,,,MASC,PL,['כתבו']
לכתוב,,IMP,,,FEM,SG,['כתבי']
לכתוב,,IMP,,,FEM,PL,"['כתובנה', 'כתבו']"
לשתות,,IMP,,,MASC,SG,['שתה'] 
לשתות,,IMP,,,MASC,PL,['שתו'] 
לשתות,,IMP,,,FEM,SG,['שתי']
לשתות,,IMP,,,FEM,PL,"['שתו', 'שתינה']"
לקחת,,IMP,,,MASC,SG,['קח'] 
לקחת,,IMP,,,MASC,PL,['קחו'] 
לקחת,,IMP,,,FEM,SG,['קחי']
לקחת,,IMP,,,FEM,PL,"['קחו', 'קחנה']"
להיכנס,,IMP,,,MASC,SG,['היכנס']
להיכנס,,IMP,,,MASC,PL,['היכנסו']
להיכנס,,IMP,,,FEM,SG,['היכנסי']
להיכנס,,IMP,,,FEM,PL,"['היכנסנה', 'היכנסו']"
לפתוח,,IMP,,,MASC,SG,['פתח'] 
לפתוח,,IMP,,,MASC,PL,['פתחו']
לפתוח,,IMP,,,FEM,SG,['פתחי'] 
לפתוח,,IMP,,,FEM,PL,"['פתחנה', 'פתחו']"
לקרוא,,IMP,,,MASC,SG,['קרא'] 
לקרוא,,IMP,,,MASC,PL,['קראו'] 
לקרוא,,IMP,,,FEM,SG,['קראי'] 
לקרוא,,IMP,,,FEM,PL,"['קראנה', 'קראו']"
לאכול,,IMP,,,MASC,SG,['אכול']
לאכול,,IMP,,,MASC,PL,['אכלו']
לאכול,,IMP,,,FEM,SG,['אכלי'] 
לאכול,,IMP,,,FEM,PL,"['אכלו', 'אכולנה']"
לשאול,,IMP,,,MASC,SG,['שאל'] 
לשאול,,IMP,,,MASC,PL,['שאלו'] 
לשאול,,IMP,,,FEM,SG,['שאלי'] 
לשאול,,IMP,,,FEM,PL,"['שאלו', 'שאלנה']"
לחזור,,IMP,,,MASC,SG,['חזור'] 
לחזור,,IMP,,,MASC,PL,['חזרו'] 
לחזור,,IMP,,,FEM,SG,['חזרי'] 
לחזור,,IMP,,,FEM,PL,"['חזורנה', 'חזרו']"
לקום,,IMP,,,MASC,SG,['קום']
לקום,,IMP,,,MASC,PL,['קומו'] 
לקום,,IMP,,,FEM,SG,['קומי'] 
לקום,,IMP,,,FEM,PL,"['קומו', 'קומנה']" 
לשמוע,,IMP,,,MASC,SG,['שמע'] 
לשמוע,,IMP,,,MASC,PL,['שמעו'] 
לשמוע,,IMP,,,FEM,SG,['שמעי'] 
לשמוע,,IMP,,,FEM,PL,"['שמענה', 'שמעו']"
לחייך,,IMP,,,MASC,SG,['חייך']
לחייך,,IMP,,,MASC,PL,['חייכו']
לחייך,,IMP,,,FEM,SG,['חייכי']
לחייך,,IMP,,,FEM,PL,"['חייכו', 'חייכנה']"
לעזוב,,IMP,,,MASC,SG,['עזוב'] 
לעזוב,,IMP,,,MASC,PL,['עזבו'] 
לעזוב,,IMP,,,FEM,SG,['עזבי']
לעזוב,,IMP,,,FEM,PL,"['עזבו', 'עזובנה']" 
להישאר,,IMP,,,MASC,SG,['הישאר'] 
להישאר,,IMP,,,MASC,PL,['הישארו']
להישאר,,IMP,,,FEM,SG,['הישארי']
להישאר,,IMP,,,FEM,PL,"['הישארו', 'הישארנה']"
לעצור,,IMP,,,MASC,SG,['עצור']
לעצור,,IMP,,,MASC,PL,['עצרו']
לעצור,,IMP,,,FEM,SG,['עצרי']
לעצור,,IMP,,,FEM,PL,"['עצרו', 'עצורנה']"
לזהר,,IMP,,,MASC,SG,['היזהר']
לזהר,,IMP,,,MASC,PL,['היזהרו']
לזהר,,IMP,,,FEM,SG,['היזהרי']
לזהר,,IMP,,,FEM,PL,"['היזהרו', 'היזהרנה']"
להמשיך,,IMP,,,MASC,SG,['המשך'] 
להמשיך,,IMP,,,MASC,PL,['המשיכו']  
להמשיך,,IMP,,,FEM,SG,['המשיכי'] 
להמשיך,,IMP,,,FEM,PL,"['המשיכו','המשכנה']"